feature,mean_abs_shap
days_since_last_contact,0.46552053
missed_appt_rate,0.2605343
satisfaction_score,0.21951579
visits_last_12mo,0.17225514
claims_denied_last_12mo,0.17216678
tenure_months,0.13973467
avg_days_between_visits,0.13972807
age,0.046139754
portal_logins_last_90d,0.03690187
missed_appointments_last_12mo,0.03446899
chronic_conditions,0.01506396
insurance_type_Medicaid,0.014517222
gender_M,0.01139476
region_West,0.0076923235
region_South,0.006152344
insurance_type_Medicare,0.0061138775
region_Northeast,0.0015591944
high_risk_contact_gap,0.0
low_engagement_flag,0.0
claims_friction,0.0
insurance_type_Uninsured,0.0
